"filename", "language", "(Unsupported)", "JSON", "TypeScript", "SCSS", "XML", "JavaScript", "Vue", "CSS", "comment", "blank", "total"
"d:\weapp\waste_recycle_demo\src\App.vue", "Vue", 0, 0, 0, 0, 0, 0, 17, 0, 1, 4, 22
"d:\weapp\waste_recycle_demo\src\components\uni-icons\icons.js", "JavaScript", 0, 0, 0, 0, 0, 1169, 0, 0, 0, 1, 1170
"d:\weapp\waste_recycle_demo\src\components\uni-icons\uni-icons.vue", "Vue", 0, 0, 0, 0, 0, 0, 77, 0, 14, 6, 97
"d:\weapp\waste_recycle_demo\src\components\uni-icons\uniicons.css", "CSS", 0, 0, 0, 0, 0, 0, 0, 498, 0, 166, 664
"d:\weapp\waste_recycle_demo\src\components\uni-icons\uniicons.ttf", "(Unsupported)", 0, 0, 0, 0, 0, 0, 0, 0, 0, 0, 0
"d:\weapp\waste_recycle_demo\src\components\uni-pagination\i18n\en.json", "JSON", 0, 5, 0, 0, 0, 0, 0, 0, 0, 1, 6
"d:\weapp\waste_recycle_demo\src\components\uni-pagination\i18n\es.json", "JSON", 0, 5, 0, 0, 0, 0, 0, 0, 0, 1, 6
"d:\weapp\waste_recycle_demo\src\components\uni-pagination\i18n\fr.json", "JSON", 0, 5, 0, 0, 0, 0, 0, 0, 0, 1, 6
"d:\weapp\waste_recycle_demo\src\components\uni-pagination\i18n\index.js", "JavaScript", 0, 0, 0, 0, 0, 12, 0, 0, 0, 1, 13
"d:\weapp\waste_recycle_demo\src\components\uni-pagination\i18n\zh-Hans.json", "JSON", 0, 5, 0, 0, 0, 0, 0, 0, 0, 1, 6
"d:\weapp\waste_recycle_demo\src\components\uni-pagination\i18n\zh-Hant.json", "JSON", 0, 5, 0, 0, 0, 0, 0, 0, 0, 1, 6
"d:\weapp\waste_recycle_demo\src\components\uni-pagination\uni-pagination.vue", "Vue", 0, 0, 0, 0, 0, 0, 387, 0, 51, 28, 466
"d:\weapp\waste_recycle_demo\src\main.js", "JavaScript", 0, 0, 0, 0, 0, 38, 0, 0, 0, 4, 42
"d:\weapp\waste_recycle_demo\src\manifest.json", "JSON", 0, 67, 0, 0, 0, 0, 0, 0, 8, 1, 76
"d:\weapp\waste_recycle_demo\src\pages.json", "JSON", 0, 147, 0, 0, 0, 0, 0, 0, 0, 1, 148
"d:\weapp\waste_recycle_demo\src\pages\My\My.vue", "Vue", 0, 0, 0, 0, 0, 0, 123, 0, 0, 18, 141
"d:\weapp\waste_recycle_demo\src\pages\buyGoods\BuyGoods.vue", "Vue", 0, 0, 0, 0, 0, 0, 205, 0, 2, 37, 244
"d:\weapp\waste_recycle_demo\src\pages\classify\Classify.vue", "Vue", 0, 0, 0, 0, 0, 0, 193, 0, 0, 27, 220
"d:\weapp\waste_recycle_demo\src\pages\homepage\components\common\ClassifyBtn.vue", "Vue", 0, 0, 0, 0, 0, 0, 66, 0, 0, 18, 84
"d:\weapp\waste_recycle_demo\src\pages\homepage\components\common\PageHead.vue", "Vue", 0, 0, 0, 0, 0, 0, 68, 0, 0, 15, 83
"d:\weapp\waste_recycle_demo\src\pages\homepage\components\market\FleaMarket.vue", "Vue", 0, 0, 0, 0, 0, 0, 31, 0, 0, 12, 43
"d:\weapp\waste_recycle_demo\src\pages\homepage\components\platform\Platform.vue", "Vue", 0, 0, 0, 0, 0, 0, 14, 0, 0, 5, 19
"d:\weapp\waste_recycle_demo\src\pages\homepage\components\platform\PlatformDown.vue", "Vue", 0, 0, 0, 0, 0, 0, 175, 0, 0, 26, 201
"d:\weapp\waste_recycle_demo\src\pages\homepage\components\platform\PlatformUp.vue", "Vue", 0, 0, 0, 0, 0, 0, 250, 0, 2, 35, 287
"d:\weapp\waste_recycle_demo\src\pages\homepage\components\siteSearch\NearSiteInfo.vue", "Vue", 0, 0, 0, 0, 0, 0, 245, 0, 2, 33, 280
"d:\weapp\waste_recycle_demo\src\pages\homepage\components\siteSearch\RecommendSite.vue", "Vue", 0, 0, 0, 0, 0, 0, 175, 0, 0, 26, 201
"d:\weapp\waste_recycle_demo\src\pages\homepage\components\siteSearch\SiteSearch.vue", "Vue", 0, 0, 0, 0, 0, 0, 10, 0, 0, 4, 14
"d:\weapp\waste_recycle_demo\src\pages\homepage\components\todayNews\Down.vue", "Vue", 0, 0, 0, 0, 0, 0, 156, 0, 1, 25, 182
"d:\weapp\waste_recycle_demo\src\pages\homepage\components\todayNews\TodayNews.vue", "Vue", 0, 0, 0, 0, 0, 0, 14, 0, 0, 5, 19
"d:\weapp\waste_recycle_demo\src\pages\homepage\components\todayNews\Up.vue", "Vue", 0, 0, 0, 0, 0, 0, 161, 0, 0, 27, 188
"d:\weapp\waste_recycle_demo\src\pages\homepage\homepage.vue", "Vue", 0, 0, 0, 0, 0, 0, 19, 0, 0, 9, 28
"d:\weapp\waste_recycle_demo\src\pages\index\UserInfo.vue", "Vue", 0, 0, 0, 0, 0, 0, 130, 0, 1, 28, 159
"d:\weapp\waste_recycle_demo\src\pages\index\index.vue", "Vue", 0, 0, 0, 0, 0, 0, 83, 0, 0, 12, 95
"d:\weapp\waste_recycle_demo\src\pages\main\MainPage.vue", "Vue", 0, 0, 0, 0, 0, 0, 61, 0, 0, 14, 75
"d:\weapp\waste_recycle_demo\src\pages\manage\Manage.vue", "Vue", 0, 0, 0, 0, 0, 0, 46, 0, 0, 14, 60
"d:\weapp\waste_recycle_demo\src\pages\manage\components\NoSailed.vue", "Vue", 0, 0, 0, 0, 0, 0, 214, 0, 0, 45, 259
"d:\weapp\waste_recycle_demo\src\pages\manage\components\Sailed.vue", "Vue", 0, 0, 0, 0, 0, 0, 190, 0, 1, 30, 221
"d:\weapp\waste_recycle_demo\src\pages\manage\components\Update.vue", "Vue", 0, 0, 0, 0, 0, 0, 217, 0, 0, 53, 270
"d:\weapp\waste_recycle_demo\src\pages\news\News1.vue", "Vue", 0, 0, 0, 0, 0, 0, 262, 0, 0, 38, 300
"d:\weapp\waste_recycle_demo\src\pages\news\News2.vue", "Vue", 0, 0, 0, 0, 0, 0, 484, 0, 10, 79, 573
"d:\weapp\waste_recycle_demo\src\pages\orderList\OrderList.vue", "Vue", 0, 0, 0, 0, 0, 0, 29, 0, 0, 10, 39
"d:\weapp\waste_recycle_demo\src\pages\router\index.js", "JavaScript", 0, 0, 0, 0, 0, 27, 0, 0, 0, 4, 31
"d:\weapp\waste_recycle_demo\src\pages\router\router.js", "JavaScript", 0, 0, 0, 0, 0, 76, 0, 0, 3, 3, 82
"d:\weapp\waste_recycle_demo\src\pages\store\index.js", "JavaScript", 0, 0, 0, 0, 0, 16, 0, 0, 0, 1, 17
"d:\weapp\waste_recycle_demo\src\pages\trade\Trade.vue", "Vue", 0, 0, 0, 0, 0, 0, 76, 0, 0, 20, 96
"d:\weapp\waste_recycle_demo\src\static\no.png", "(Unsupported)", 0, 0, 0, 0, 0, 0, 0, 0, 0, 0, 0
"d:\weapp\waste_recycle_demo\src\static\noFile.png", "(Unsupported)", 0, 0, 0, 0, 0, 0, 0, 0, 0, 0, 0
"d:\weapp\waste_recycle_demo\src\uni.scss", "SCSS", 0, 0, 0, 37, 0, 0, 0, 0, 25, 14, 76
"d:\weapp\waste_recycle_demo\src\wxcomponents\Style\iconfont\iconfont-weapp\icon\icon.js", "JavaScript", 0, 0, 0, 0, 0, 13, 0, 0, 0, 2, 15
"d:\weapp\waste_recycle_demo\src\wxcomponents\Style\iconfont\iconfont-weapp\icon\icon.json", "JSON", 0, 3, 0, 0, 0, 0, 0, 0, 0, 2, 5
"d:\weapp\waste_recycle_demo\src\wxcomponents\Style\iconfont\iconfont-weapp\icon\icon.wxml", "(Unsupported)", 0, 0, 0, 0, 0, 0, 0, 0, 0, 0, 0
"d:\weapp\waste_recycle_demo\src\wxcomponents\Style\iconfont\iconfont-weapp\icon\icon.wxss", "(Unsupported)", 0, 0, 0, 0, 0, 0, 0, 0, 0, 0, 0
"d:\weapp\waste_recycle_demo\src\wxcomponents\Style\iconfont\iconfont-weapp\iconfont-weapp-icon.css", "CSS", 0, 0, 0, 0, 0, 0, 0, 173, 0, 59, 232
"d:\weapp\waste_recycle_demo\src\wxcomponents\Style\iconfont\iconfont-weapp\iconfont-weapp-icon.wxss", "(Unsupported)", 0, 0, 0, 0, 0, 0, 0, 0, 0, 0, 0
"d:\weapp\waste_recycle_demo\src\wxcomponents\Style\iconfont\iconfont.wxss", "(Unsupported)", 0, 0, 0, 0, 0, 0, 0, 0, 0, 0, 0
"d:\weapp\waste_recycle_demo\src\wxcomponents\config\commonConfig.js", "JavaScript", 0, 0, 0, 0, 0, 3, 0, 0, 0, 0, 3
"d:\weapp\waste_recycle_demo\src\wxcomponents\vant\action-sheet\index.d.ts", "TypeScript", 0, 0, 1, 0, 0, 0, 0, 0, 0, 1, 2
"d:\weapp\waste_recycle_demo\src\wxcomponents\vant\action-sheet\index.js", "JavaScript", 0, 0, 0, 0, 0, 70, 0, 0, 0, 1, 71
"d:\weapp\waste_recycle_demo\src\wxcomponents\vant\action-sheet\index.json", "JSON", 0, 8, 0, 0, 0, 0, 0, 0, 0, 1, 9
"d:\weapp\waste_recycle_demo\src\wxcomponents\vant\action-sheet\index.wxml", "(Unsupported)", 0, 0, 0, 0, 0, 0, 0, 0, 0, 0, 0
"d:\weapp\waste_recycle_demo\src\wxcomponents\vant\action-sheet\index.wxss", "(Unsupported)", 0, 0, 0, 0, 0, 0, 0, 0, 0, 0, 0
"d:\weapp\waste_recycle_demo\src\wxcomponents\vant\area\index.d.ts", "TypeScript", 0, 0, 1, 0, 0, 0, 0, 0, 0, 1, 2
"d:\weapp\waste_recycle_demo\src\wxcomponents\vant\area\index.js", "JavaScript", 0, 0, 0, 0, 0, 217, 0, 0, 3, 1, 221
"d:\weapp\waste_recycle_demo\src\wxcomponents\vant\area\index.json", "JSON", 0, 6, 0, 0, 0, 0, 0, 0, 0, 1, 7
"d:\weapp\waste_recycle_demo\src\wxcomponents\vant\area\index.wxml", "(Unsupported)", 0, 0, 0, 0, 0, 0, 0, 0, 0, 0, 0
"d:\weapp\waste_recycle_demo\src\wxcomponents\vant\area\index.wxs", "XML", 0, 0, 0, 0, 7, 0, 0, 0, 0, 2, 9
"d:\weapp\waste_recycle_demo\src\wxcomponents\vant\area\index.wxss", "(Unsupported)", 0, 0, 0, 0, 0, 0, 0, 0, 0, 0, 0
"d:\weapp\waste_recycle_demo\src\wxcomponents\vant\button\index.d.ts", "TypeScript", 0, 0, 1, 0, 0, 0, 0, 0, 0, 1, 2
"d:\weapp\waste_recycle_demo\src\wxcomponents\vant\button\index.js", "JavaScript", 0, 0, 0, 0, 0, 64, 0, 0, 0, 1, 65
"d:\weapp\waste_recycle_demo\src\wxcomponents\vant\button\index.json", "JSON", 0, 7, 0, 0, 0, 0, 0, 0, 0, 1, 8
"d:\weapp\waste_recycle_demo\src\wxcomponents\vant\button\index.wxml", "(Unsupported)", 0, 0, 0, 0, 0, 0, 0, 0, 0, 0, 0
"d:\weapp\waste_recycle_demo\src\wxcomponents\vant\button\index.wxs", "XML", 0, 0, 0, 0, 31, 0, 0, 0, 0, 9, 40
"d:\weapp\waste_recycle_demo\src\wxcomponents\vant\button\index.wxss", "(Unsupported)", 0, 0, 0, 0, 0, 0, 0, 0, 0, 0, 0
"d:\weapp\waste_recycle_demo\src\wxcomponents\vant\calendar\calendar.wxml", "(Unsupported)", 0, 0, 0, 0, 0, 0, 0, 0, 0, 0, 0
"d:\weapp\waste_recycle_demo\src\wxcomponents\vant\calendar\components\header\index.d.ts", "TypeScript", 0, 0, 1, 0, 0, 0, 0, 0, 0, 1, 2
"d:\weapp\waste_recycle_demo\src\wxcomponents\vant\calendar\components\header\index.js", "JavaScript", 0, 0, 0, 0, 0, 37, 0, 0, 0, 1, 38
"d:\weapp\waste_recycle_demo\src\wxcomponents\vant\calendar\components\header\index.json", "JSON", 0, 3, 0, 0, 0, 0, 0, 0, 0, 1, 4
"d:\weapp\waste_recycle_demo\src\wxcomponents\vant\calendar\components\header\index.wxml", "(Unsupported)", 0, 0, 0, 0, 0, 0, 0, 0, 0, 0, 0
"d:\weapp\waste_recycle_demo\src\wxcomponents\vant\calendar\components\header\index.wxss", "(Unsupported)", 0, 0, 0, 0, 0, 0, 0, 0, 0, 0, 0
"d:\weapp\waste_recycle_demo\src\wxcomponents\vant\calendar\components\month\index.d.ts", "TypeScript", 0, 0, 6, 0, 0, 0, 0, 0, 0, 1, 7
"d:\weapp\waste_recycle_demo\src\wxcomponents\vant\calendar\components\month\index.js", "JavaScript", 0, 0, 0, 0, 0, 153, 0, 0, 1, 1, 155
"d:\weapp\waste_recycle_demo\src\wxcomponents\vant\calendar\components\month\index.json", "JSON", 0, 3, 0, 0, 0, 0, 0, 0, 0, 1, 4
"d:\weapp\waste_recycle_demo\src\wxcomponents\vant\calendar\components\month\index.wxml", "(Unsupported)", 0, 0, 0, 0, 0, 0, 0, 0, 0, 0, 0
"d:\weapp\waste_recycle_demo\src\wxcomponents\vant\calendar\components\month\index.wxs", "XML", 0, 0, 0, 0, 59, 0, 0, 0, 0, 13, 72
"d:\weapp\waste_recycle_demo\src\wxcomponents\vant\calendar\components\month\index.wxss", "(Unsupported)", 0, 0, 0, 0, 0, 0, 0, 0, 0, 0, 0
"d:\weapp\waste_recycle_demo\src\wxcomponents\vant\calendar\index.d.ts", "TypeScript", 0, 0, 1, 0, 0, 0, 0, 0, 0, 1, 2
"d:\weapp\waste_recycle_demo\src\wxcomponents\vant\calendar\index.js", "JavaScript", 0, 0, 0, 0, 0, 329, 0, 0, 8, 1, 338
"d:\weapp\waste_recycle_demo\src\wxcomponents\vant\calendar\index.json", "JSON", 0, 10, 0, 0, 0, 0, 0, 0, 0, 1, 11
"d:\weapp\waste_recycle_demo\src\wxcomponents\vant\calendar\index.wxml", "(Unsupported)", 0, 0, 0, 0, 0, 0, 0, 0, 0, 0, 0
"d:\weapp\waste_recycle_demo\src\wxcomponents\vant\calendar\index.wxs", "XML", 0, 0, 0, 0, 28, 0, 0, 0, 0, 10, 38
"d:\weapp\waste_recycle_demo\src\wxcomponents\vant\calendar\index.wxss", "(Unsupported)", 0, 0, 0, 0, 0, 0, 0, 0, 0, 0, 0
"d:\weapp\waste_recycle_demo\src\wxcomponents\vant\calendar\utils.d.ts", "TypeScript", 0, 0, 12, 0, 0, 0, 0, 0, 0, 1, 13
"d:\weapp\waste_recycle_demo\src\wxcomponents\vant\calendar\utils.js", "JavaScript", 0, 0, 0, 0, 0, 83, 0, 0, 0, 1, 84
"d:\weapp\waste_recycle_demo\src\wxcomponents\vant\calendar\utils.wxs", "XML", 0, 0, 0, 0, 20, 0, 0, 0, 0, 6, 26
"d:\weapp\waste_recycle_demo\src\wxcomponents\vant\card\index.d.ts", "TypeScript", 0, 0, 1, 0, 0, 0, 0, 0, 0, 1, 2
"d:\weapp\waste_recycle_demo\src\wxcomponents\vant\card\index.js", "JavaScript", 0, 0, 0, 0, 0, 49, 0, 0, 0, 1, 50
"d:\weapp\waste_recycle_demo\src\wxcomponents\vant\card\index.json", "JSON", 0, 6, 0, 0, 0, 0, 0, 0, 0, 1, 7
"d:\weapp\waste_recycle_demo\src\wxcomponents\vant\card\index.wxml", "(Unsupported)", 0, 0, 0, 0, 0, 0, 0, 0, 0, 0, 0
"d:\weapp\waste_recycle_demo\src\wxcomponents\vant\card\index.wxss", "(Unsupported)", 0, 0, 0, 0, 0, 0, 0, 0, 0, 0, 0
"d:\weapp\waste_recycle_demo\src\wxcomponents\vant\cell-group\index.d.ts", "TypeScript", 0, 0, 1, 0, 0, 0, 0, 0, 0, 1, 2
"d:\weapp\waste_recycle_demo\src\wxcomponents\vant\cell-group\index.js", "JavaScript", 0, 0, 0, 0, 0, 11, 0, 0, 0, 1, 12
"d:\weapp\waste_recycle_demo\src\wxcomponents\vant\cell-group\index.json", "JSON", 0, 3, 0, 0, 0, 0, 0, 0, 0, 1, 4
"d:\weapp\waste_recycle_demo\src\wxcomponents\vant\cell-group\index.wxml", "(Unsupported)", 0, 0, 0, 0, 0, 0, 0, 0, 0, 0, 0
"d:\weapp\waste_recycle_demo\src\wxcomponents\vant\cell-group\index.wxss", "(Unsupported)", 0, 0, 0, 0, 0, 0, 0, 0, 0, 0, 0
"d:\weapp\waste_recycle_demo\src\wxcomponents\vant\cell\index.d.ts", "TypeScript", 0, 0, 1, 0, 0, 0, 0, 0, 0, 1, 2
"d:\weapp\waste_recycle_demo\src\wxcomponents\vant\cell\index.js", "JavaScript", 0, 0, 0, 0, 0, 38, 0, 0, 0, 1, 39
"d:\weapp\waste_recycle_demo\src\wxcomponents\vant\cell\index.json", "JSON", 0, 6, 0, 0, 0, 0, 0, 0, 0, 1, 7
"d:\weapp\waste_recycle_demo\src\wxcomponents\vant\cell\index.wxml", "(Unsupported)", 0, 0, 0, 0, 0, 0, 0, 0, 0, 0, 0
"d:\weapp\waste_recycle_demo\src\wxcomponents\vant\cell\index.wxs", "XML", 0, 0, 0, 0, 15, 0, 0, 0, 0, 3, 18
"d:\weapp\waste_recycle_demo\src\wxcomponents\vant\cell\index.wxss", "(Unsupported)", 0, 0, 0, 0, 0, 0, 0, 0, 0, 0, 0
"d:\weapp\waste_recycle_demo\src\wxcomponents\vant\checkbox-group\index.d.ts", "TypeScript", 0, 0, 1, 0, 0, 0, 0, 0, 0, 1, 2
"d:\weapp\waste_recycle_demo\src\wxcomponents\vant\checkbox-group\index.js", "JavaScript", 0, 0, 0, 0, 0, 36, 0, 0, 0, 1, 37
"d:\weapp\waste_recycle_demo\src\wxcomponents\vant\checkbox-group\index.json", "JSON", 0, 3, 0, 0, 0, 0, 0, 0, 0, 1, 4
"d:\weapp\waste_recycle_demo\src\wxcomponents\vant\checkbox-group\index.wxml", "(Unsupported)", 0, 0, 0, 0, 0, 0, 0, 0, 0, 0, 0
"d:\weapp\waste_recycle_demo\src\wxcomponents\vant\checkbox-group\index.wxss", "(Unsupported)", 0, 0, 0, 0, 0, 0, 0, 0, 0, 0, 0
"d:\weapp\waste_recycle_demo\src\wxcomponents\vant\checkbox\index.d.ts", "TypeScript", 0, 0, 1, 0, 0, 0, 0, 0, 0, 1, 2
"d:\weapp\waste_recycle_demo\src\wxcomponents\vant\checkbox\index.js", "JavaScript", 0, 0, 0, 0, 0, 77, 0, 0, 0, 1, 78
"d:\weapp\waste_recycle_demo\src\wxcomponents\vant\checkbox\index.json", "JSON", 0, 6, 0, 0, 0, 0, 0, 0, 0, 1, 7
"d:\weapp\waste_recycle_demo\src\wxcomponents\vant\checkbox\index.wxml", "(Unsupported)", 0, 0, 0, 0, 0, 0, 0, 0, 0, 0, 0
"d:\weapp\waste_recycle_demo\src\wxcomponents\vant\checkbox\index.wxs", "XML", 0, 0, 0, 0, 16, 0, 0, 0, 0, 5, 21
"d:\weapp\waste_recycle_demo\src\wxcomponents\vant\checkbox\index.wxss", "(Unsupported)", 0, 0, 0, 0, 0, 0, 0, 0, 0, 0, 0
"d:\weapp\waste_recycle_demo\src\wxcomponents\vant\circle\canvas.d.ts", "TypeScript", 0, 0, 3, 0, 0, 0, 0, 0, 1, 1, 5
"d:\weapp\waste_recycle_demo\src\wxcomponents\vant\circle\canvas.js", "JavaScript", 0, 0, 0, 0, 0, 42, 0, 0, 1, 1, 44
"d:\weapp\waste_recycle_demo\src\wxcomponents\vant\circle\index.d.ts", "TypeScript", 0, 0, 1, 0, 0, 0, 0, 0, 0, 1, 2
"d:\weapp\waste_recycle_demo\src\wxcomponents\vant\circle\index.js", "JavaScript", 0, 0, 0, 0, 0, 191, 0, 0, 2, 1, 194
"d:\weapp\waste_recycle_demo\src\wxcomponents\vant\circle\index.json", "JSON", 0, 3, 0, 0, 0, 0, 0, 0, 0, 1, 4
"d:\weapp\waste_recycle_demo\src\wxcomponents\vant\circle\index.wxml", "(Unsupported)", 0, 0, 0, 0, 0, 0, 0, 0, 0, 0, 0
"d:\weapp\waste_recycle_demo\src\wxcomponents\vant\circle\index.wxss", "(Unsupported)", 0, 0, 0, 0, 0, 0, 0, 0, 0, 0, 0
"d:\weapp\waste_recycle_demo\src\wxcomponents\vant\col\index.d.ts", "TypeScript", 0, 0, 1, 0, 0, 0, 0, 0, 0, 1, 2
"d:\weapp\waste_recycle_demo\src\wxcomponents\vant\col\index.js", "JavaScript", 0, 0, 0, 0, 0, 9, 0, 0, 0, 1, 10
"d:\weapp\waste_recycle_demo\src\wxcomponents\vant\col\index.json", "JSON", 0, 3, 0, 0, 0, 0, 0, 0, 0, 1, 4
"d:\weapp\waste_recycle_demo\src\wxcomponents\vant\col\index.wxml", "(Unsupported)", 0, 0, 0, 0, 0, 0, 0, 0, 0, 0, 0
"d:\weapp\waste_recycle_demo\src\wxcomponents\vant\col\index.wxs", "XML", 0, 0, 0, 0, 15, 0, 0, 0, 0, 4, 19
"d:\weapp\waste_recycle_demo\src\wxcomponents\vant\col\index.wxss", "(Unsupported)", 0, 0, 0, 0, 0, 0, 0, 0, 0, 0, 0
"d:\weapp\waste_recycle_demo\src\wxcomponents\vant\collapse-item\animate.d.ts", "TypeScript", 0, 0, 1, 0, 0, 0, 0, 0, 1, 1, 3
"d:\weapp\waste_recycle_demo\src\wxcomponents\vant\collapse-item\animate.js", "JavaScript", 0, 0, 0, 0, 0, 39, 0, 0, 0, 1, 40
"d:\weapp\waste_recycle_demo\src\wxcomponents\vant\collapse-item\index.d.ts", "TypeScript", 0, 0, 1, 0, 0, 0, 0, 0, 0, 1, 2
"d:\weapp\waste_recycle_demo\src\wxcomponents\vant\collapse-item\index.js", "JavaScript", 0, 0, 0, 0, 0, 60, 0, 0, 0, 1, 61
"d:\weapp\waste_recycle_demo\src\wxcomponents\vant\collapse-item\index.json", "JSON", 0, 6, 0, 0, 0, 0, 0, 0, 0, 1, 7
"d:\weapp\waste_recycle_demo\src\wxcomponents\vant\collapse-item\index.wxml", "(Unsupported)", 0, 0, 0, 0, 0, 0, 0, 0, 0, 0, 0
"d:\weapp\waste_recycle_demo\src\wxcomponents\vant\collapse-item\index.wxss", "(Unsupported)", 0, 0, 0, 0, 0, 0, 0, 0, 0, 0, 0
"d:\weapp\waste_recycle_demo\src\wxcomponents\vant\collapse\index.d.ts", "TypeScript", 0, 0, 1, 0, 0, 0, 0, 0, 0, 1, 2
"d:\weapp\waste_recycle_demo\src\wxcomponents\vant\collapse\index.js", "JavaScript", 0, 0, 0, 0, 0, 46, 0, 0, 0, 1, 47
"d:\weapp\waste_recycle_demo\src\wxcomponents\vant\collapse\index.json", "JSON", 0, 3, 0, 0, 0, 0, 0, 0, 0, 1, 4
"d:\weapp\waste_recycle_demo\src\wxcomponents\vant\collapse\index.wxml", "(Unsupported)", 0, 0, 0, 0, 0, 0, 0, 0, 0, 0, 0
"d:\weapp\waste_recycle_demo\src\wxcomponents\vant\collapse\index.wxss", "(Unsupported)", 0, 0, 0, 0, 0, 0, 0, 0, 0, 0, 0
"d:\weapp\waste_recycle_demo\src\wxcomponents\vant\common\color.d.ts", "TypeScript", 0, 0, 7, 0, 0, 0, 0, 0, 0, 1, 8
"d:\weapp\waste_recycle_demo\src\wxcomponents\vant\common\color.js", "JavaScript", 0, 0, 0, 0, 0, 7, 0, 0, 0, 1, 8
"d:\weapp\waste_recycle_demo\src\wxcomponents\vant\common\component.d.ts", "TypeScript", 0, 0, 3, 0, 0, 0, 0, 0, 1, 1, 5
"d:\weapp\waste_recycle_demo\src\wxcomponents\vant\common\component.js", "JavaScript", 0, 0, 0, 0, 0, 40, 0, 0, 5, 1, 46
"d:\weapp\waste_recycle_demo\src\wxcomponents\vant\common\index.wxss", "(Unsupported)", 0, 0, 0, 0, 0, 0, 0, 0, 0, 0, 0
"d:\weapp\waste_recycle_demo\src\wxcomponents\vant\common\relation.d.ts", "TypeScript", 0, 0, 14, 0, 0, 0, 0, 0, 1, 1, 16
"d:\weapp\waste_recycle_demo\src\wxcomponents\vant\common\relation.js", "JavaScript", 0, 0, 0, 0, 0, 55, 0, 0, 1, 1, 57
"d:\weapp\waste_recycle_demo\src\wxcomponents\vant\common\style\clearfix.wxss", "(Unsupported)", 0, 0, 0, 0, 0, 0, 0, 0, 0, 0, 0
"d:\weapp\waste_recycle_demo\src\wxcomponents\vant\common\style\ellipsis.wxss", "(Unsupported)", 0, 0, 0, 0, 0, 0, 0, 0, 0, 0, 0
"d:\weapp\waste_recycle_demo\src\wxcomponents\vant\common\style\hairline.wxss", "(Unsupported)", 0, 0, 0, 0, 0, 0, 0, 0, 0, 0, 0
"d:\weapp\waste_recycle_demo\src\wxcomponents\vant\common\style\mixins\clearfix.wxss", "(Unsupported)", 0, 0, 0, 0, 0, 0, 0, 0, 0, 0, 0
"d:\weapp\waste_recycle_demo\src\wxcomponents\vant\common\style\mixins\ellipsis.wxss", "(Unsupported)", 0, 0, 0, 0, 0, 0, 0, 0, 0, 0, 0
"d:\weapp\waste_recycle_demo\src\wxcomponents\vant\common\style\mixins\hairline.wxss", "(Unsupported)", 0, 0, 0, 0, 0, 0, 0, 0, 0, 0, 0
"d:\weapp\waste_recycle_demo\src\wxcomponents\vant\common\style\var.wxss", "(Unsupported)", 0, 0, 0, 0, 0, 0, 0, 0, 0, 0, 0
"d:\weapp\waste_recycle_demo\src\wxcomponents\vant\common\utils.d.ts", "TypeScript", 0, 0, 12, 0, 0, 0, 0, 0, 5, 1, 18
"d:\weapp\waste_recycle_demo\src\wxcomponents\vant\common\utils.js", "JavaScript", 0, 0, 0, 0, 0, 92, 0, 0, 0, 1, 93
"d:\weapp\waste_recycle_demo\src\wxcomponents\vant\common\validator.d.ts", "TypeScript", 0, 0, 9, 0, 0, 0, 0, 0, 0, 1, 10
"d:\weapp\waste_recycle_demo\src\wxcomponents\vant\common\validator.js", "JavaScript", 0, 0, 0, 0, 0, 30, 0, 0, 1, 1, 32
"d:\weapp\waste_recycle_demo\src\wxcomponents\vant\common\version.d.ts", "TypeScript", 0, 0, 7, 0, 0, 0, 0, 0, 0, 1, 8
"d:\weapp\waste_recycle_demo\src\wxcomponents\vant\common\version.js", "JavaScript", 0, 0, 0, 0, 0, 48, 0, 0, 0, 1, 49
"d:\weapp\waste_recycle_demo\src\wxcomponents\vant\config-provider\index.d.ts", "TypeScript", 0, 0, 1, 0, 0, 0, 0, 0, 0, 1, 2
"d:\weapp\waste_recycle_demo\src\wxcomponents\vant\config-provider\index.js", "JavaScript", 0, 0, 0, 0, 0, 9, 0, 0, 0, 1, 10
"d:\weapp\waste_recycle_demo\src\wxcomponents\vant\config-provider\index.json", "JSON", 0, 3, 0, 0, 0, 0, 0, 0, 0, 1, 4
"d:\weapp\waste_recycle_demo\src\wxcomponents\vant\config-provider\index.wxml", "(Unsupported)", 0, 0, 0, 0, 0, 0, 0, 0, 0, 0, 0
"d:\weapp\waste_recycle_demo\src\wxcomponents\vant\config-provider\index.wxs", "XML", 0, 0, 0, 0, 24, 0, 0, 0, 0, 6, 30
"d:\weapp\waste_recycle_demo\src\wxcomponents\vant\count-down\index.d.ts", "TypeScript", 0, 0, 1, 0, 0, 0, 0, 0, 0, 1, 2
"d:\weapp\waste_recycle_demo\src\wxcomponents\vant\count-down\index.js", "JavaScript", 0, 0, 0, 0, 0, 97, 0, 0, 3, 1, 101
"d:\weapp\waste_recycle_demo\src\wxcomponents\vant\count-down\index.json", "JSON", 0, 3, 0, 0, 0, 0, 0, 0, 0, 1, 4
"d:\weapp\waste_recycle_demo\src\wxcomponents\vant\count-down\index.wxml", "(Unsupported)", 0, 0, 0, 0, 0, 0, 0, 0, 0, 0, 0
"d:\weapp\waste_recycle_demo\src\wxcomponents\vant\count-down\index.wxss", "(Unsupported)", 0, 0, 0, 0, 0, 0, 0, 0, 0, 0, 0
"d:\weapp\waste_recycle_demo\src\wxcomponents\vant\count-down\utils.d.ts", "TypeScript", 0, 0, 10, 0, 0, 0, 0, 0, 0, 1, 11
"d:\weapp\waste_recycle_demo\src\wxcomponents\vant\count-down\utils.js", "JavaScript", 0, 0, 0, 0, 0, 57, 0, 0, 0, 1, 58
"d:\weapp\waste_recycle_demo\src\wxcomponents\vant\datetime-picker\index.d.ts", "TypeScript", 0, 0, 1, 0, 0, 0, 0, 0, 0, 1, 2
"d:\weapp\waste_recycle_demo\src\wxcomponents\vant\datetime-picker\index.js", "JavaScript", 0, 0, 0, 0, 0, 292, 0, 0, 3, 1, 296
"d:\weapp\waste_recycle_demo\src\wxcomponents\vant\datetime-picker\index.json", "JSON", 0, 6, 0, 0, 0, 0, 0, 0, 0, 1, 7
"d:\weapp\waste_recycle_demo\src\wxcomponents\vant\datetime-picker\index.wxml", "(Unsupported)", 0, 0, 0, 0, 0, 0, 0, 0, 0, 0, 0
"d:\weapp\waste_recycle_demo\src\wxcomponents\vant\datetime-picker\index.wxss", "(Unsupported)", 0, 0, 0, 0, 0, 0, 0, 0, 0, 0, 0
"d:\weapp\waste_recycle_demo\src\wxcomponents\vant\definitions\index.d.ts", "TypeScript", 0, 0, 26, 0, 0, 0, 0, 0, 1, 1, 28
"d:\weapp\waste_recycle_demo\src\wxcomponents\vant\definitions\index.js", "JavaScript", 0, 0, 0, 0, 0, 1, 0, 0, 0, 1, 2
"d:\weapp\waste_recycle_demo\src\wxcomponents\vant\dialog\dialog.d.ts", "TypeScript", 0, 0, 46, 0, 0, 0, 0, 0, 5, 1, 52
"d:\weapp\waste_recycle_demo\src\wxcomponents\vant\dialog\dialog.js", "JavaScript", 0, 0, 0, 0, 0, 75, 0, 0, 0, 1, 76
"d:\weapp\waste_recycle_demo\src\wxcomponents\vant\dialog\index.d.ts", "TypeScript", 0, 0, 1, 0, 0, 0, 0, 0, 0, 1, 2
"d:\weapp\waste_recycle_demo\src\wxcomponents\vant\dialog\index.js", "JavaScript", 0, 0, 0, 0, 0, 122, 0, 0, 0, 1, 123
"d:\weapp\waste_recycle_demo\src\wxcomponents\vant\dialog\index.json", "JSON", 0, 9, 0, 0, 0, 0, 0, 0, 0, 1, 10
"d:\weapp\waste_recycle_demo\src\wxcomponents\vant\dialog\index.wxml", "(Unsupported)", 0, 0, 0, 0, 0, 0, 0, 0, 0, 0, 0
"d:\weapp\waste_recycle_demo\src\wxcomponents\vant\dialog\index.wxss", "(Unsupported)", 0, 0, 0, 0, 0, 0, 0, 0, 0, 0, 0
"d:\weapp\waste_recycle_demo\src\wxcomponents\vant\divider\index.d.ts", "TypeScript", 0, 0, 1, 0, 0, 0, 0, 0, 0, 1, 2
"d:\weapp\waste_recycle_demo\src\wxcomponents\vant\divider\index.js", "JavaScript", 0, 0, 0, 0, 0, 12, 0, 0, 0, 1, 13
"d:\weapp\waste_recycle_demo\src\wxcomponents\vant\divider\index.json", "JSON", 0, 4, 0, 0, 0, 0, 0, 0, 0, 1, 5
"d:\weapp\waste_recycle_demo\src\wxcomponents\vant\divider\index.wxml", "(Unsupported)", 0, 0, 0, 0, 0, 0, 0, 0, 0, 0, 0
"d:\weapp\waste_recycle_demo\src\wxcomponents\vant\divider\index.wxs", "XML", 0, 0, 0, 0, 16, 0, 0, 0, 0, 3, 19
"d:\weapp\waste_recycle_demo\src\wxcomponents\vant\divider\index.wxss", "(Unsupported)", 0, 0, 0, 0, 0, 0, 0, 0, 0, 0, 0
"d:\weapp\waste_recycle_demo\src\wxcomponents\vant\dropdown-item\index.d.ts", "TypeScript", 0, 0, 1, 0, 0, 0, 0, 0, 0, 1, 2
"d:\weapp\waste_recycle_demo\src\wxcomponents\vant\dropdown-item\index.js", "JavaScript", 0, 0, 0, 0, 0, 102, 0, 0, 0, 1, 103
"d:\weapp\waste_recycle_demo\src\wxcomponents\vant\dropdown-item\index.json", "JSON", 0, 8, 0, 0, 0, 0, 0, 0, 0, 1, 9
"d:\weapp\waste_recycle_demo\src\wxcomponents\vant\dropdown-item\index.wxml", "(Unsupported)", 0, 0, 0, 0, 0, 0, 0, 0, 0, 0, 0
"d:\weapp\waste_recycle_demo\src\wxcomponents\vant\dropdown-item\index.wxss", "(Unsupported)", 0, 0, 0, 0, 0, 0, 0, 0, 0, 0, 0
"d:\weapp\waste_recycle_demo\src\wxcomponents\vant\dropdown-item\shared.d.ts", "TypeScript", 0, 0, 5, 0, 0, 0, 0, 0, 0, 1, 6
"d:\weapp\waste_recycle_demo\src\wxcomponents\vant\dropdown-item\shared.js", "JavaScript", 0, 0, 0, 0, 0, 1, 0, 0, 0, 1, 2
"d:\weapp\waste_recycle_demo\src\wxcomponents\vant\dropdown-menu\index.d.ts", "TypeScript", 0, 0, 1, 0, 0, 0, 0, 0, 0, 1, 2
"d:\weapp\waste_recycle_demo\src\wxcomponents\vant\dropdown-menu\index.js", "JavaScript", 0, 0, 0, 0, 0, 112, 0, 0, 0, 1, 113
"d:\weapp\waste_recycle_demo\src\wxcomponents\vant\dropdown-menu\index.json", "JSON", 0, 3, 0, 0, 0, 0, 0, 0, 0, 1, 4
"d:\weapp\waste_recycle_demo\src\wxcomponents\vant\dropdown-menu\index.wxml", "(Unsupported)", 0, 0, 0, 0, 0, 0, 0, 0, 0, 0, 0
"d:\weapp\waste_recycle_demo\src\wxcomponents\vant\dropdown-menu\index.wxs", "XML", 0, 0, 0, 0, 14, 0, 0, 0, 0, 3, 17
"d:\weapp\waste_recycle_demo\src\wxcomponents\vant\dropdown-menu\index.wxss", "(Unsupported)", 0, 0, 0, 0, 0, 0, 0, 0, 0, 0, 0
"d:\weapp\waste_recycle_demo\src\wxcomponents\vant\empty\index.d.ts", "TypeScript", 0, 0, 1, 0, 0, 0, 0, 0, 0, 1, 2
"d:\weapp\waste_recycle_demo\src\wxcomponents\vant\empty\index.js", "JavaScript", 0, 0, 0, 0, 0, 10, 0, 0, 0, 1, 11
"d:\weapp\waste_recycle_demo\src\wxcomponents\vant\empty\index.json", "JSON", 0, 4, 0, 0, 0, 0, 0, 0, 0, 1, 5
"d:\weapp\waste_recycle_demo\src\wxcomponents\vant\empty\index.wxml", "(Unsupported)", 0, 0, 0, 0, 0, 0, 0, 0, 0, 0, 0
"d:\weapp\waste_recycle_demo\src\wxcomponents\vant\empty\index.wxs", "XML", 0, 0, 0, 0, 11, 0, 0, 0, 0, 5, 16
"d:\weapp\waste_recycle_demo\src\wxcomponents\vant\empty\index.wxss", "(Unsupported)", 0, 0, 0, 0, 0, 0, 0, 0, 0, 0, 0
"d:\weapp\waste_recycle_demo\src\wxcomponents\vant\field\index.d.ts", "TypeScript", 0, 0, 1, 0, 0, 0, 0, 0, 0, 1, 2
"d:\weapp\waste_recycle_demo\src\wxcomponents\vant\field\index.js", "JavaScript", 0, 0, 0, 0, 0, 107, 0, 0, 0, 1, 108
"d:\weapp\waste_recycle_demo\src\wxcomponents\vant\field\index.json", "JSON", 0, 7, 0, 0, 0, 0, 0, 0, 0, 1, 8
"d:\weapp\waste_recycle_demo\src\wxcomponents\vant\field\index.wxml", "(Unsupported)", 0, 0, 0, 0, 0, 0, 0, 0, 0, 0, 0
"d:\weapp\waste_recycle_demo\src\wxcomponents\vant\field\index.wxs", "XML", 0, 0, 0, 0, 15, 0, 0, 0, 0, 4, 19
"d:\weapp\waste_recycle_demo\src\wxcomponents\vant\field\index.wxss", "(Unsupported)", 0, 0, 0, 0, 0, 0, 0, 0, 0, 0, 0
"d:\weapp\waste_recycle_demo\src\wxcomponents\vant\field\input.wxml", "(Unsupported)", 0, 0, 0, 0, 0, 0, 0, 0, 0, 0, 0
"d:\weapp\waste_recycle_demo\src\wxcomponents\vant\field\props.d.ts", "TypeScript", 0, 0, 3, 0, 0, 0, 0, 0, 1, 1, 5
"d:\weapp\waste_recycle_demo\src\wxcomponents\vant\field\props.js", "JavaScript", 0, 0, 0, 0, 0, 64, 0, 0, 0, 1, 65
"d:\weapp\waste_recycle_demo\src\wxcomponents\vant\field\textarea.wxml", "(Unsupported)", 0, 0, 0, 0, 0, 0, 0, 0, 0, 0, 0
"d:\weapp\waste_recycle_demo\src\wxcomponents\vant\goods-action-button\index.d.ts", "TypeScript", 0, 0, 1, 0, 0, 0, 0, 0, 0, 1, 2
"d:\weapp\waste_recycle_demo\src\wxcomponents\vant\goods-action-button\index.js", "JavaScript", 0, 0, 0, 0, 0, 36, 0, 0, 0, 1, 37
"d:\weapp\waste_recycle_demo\src\wxcomponents\vant\goods-action-button\index.json", "JSON", 0, 6, 0, 0, 0, 0, 0, 0, 0, 1, 7
"d:\weapp\waste_recycle_demo\src\wxcomponents\vant\goods-action-button\index.wxml", "(Unsupported)", 0, 0, 0, 0, 0, 0, 0, 0, 0, 0, 0
"d:\weapp\waste_recycle_demo\src\wxcomponents\vant\goods-action-button\index.wxss", "(Unsupported)", 0, 0, 0, 0, 0, 0, 0, 0, 0, 0, 0
"d:\weapp\waste_recycle_demo\src\wxcomponents\vant\goods-action-icon\index.d.ts", "TypeScript", 0, 0, 1, 0, 0, 0, 0, 0, 0, 1, 2
"d:\weapp\waste_recycle_demo\src\wxcomponents\vant\goods-action-icon\index.js", "JavaScript", 0, 0, 0, 0, 0, 25, 0, 0, 0, 1, 26
"d:\weapp\waste_recycle_demo\src\wxcomponents\vant\goods-action-icon\index.json", "JSON", 0, 7, 0, 0, 0, 0, 0, 0, 0, 1, 8
"d:\weapp\waste_recycle_demo\src\wxcomponents\vant\goods-action-icon\index.wxml", "(Unsupported)", 0, 0, 0, 0, 0, 0, 0, 0, 0, 0, 0
"d:\weapp\waste_recycle_demo\src\wxcomponents\vant\goods-action-icon\index.wxss", "(Unsupported)", 0, 0, 0, 0, 0, 0, 0, 0, 0, 0, 0
"d:\weapp\waste_recycle_demo\src\wxcomponents\vant\goods-action\index.d.ts", "TypeScript", 0, 0, 1, 0, 0, 0, 0, 0, 0, 1, 2
"d:\weapp\waste_recycle_demo\src\wxcomponents\vant\goods-action\index.js", "JavaScript", 0, 0, 0, 0, 0, 15, 0, 0, 0, 1, 16
"d:\weapp\waste_recycle_demo\src\wxcomponents\vant\goods-action\index.json", "JSON", 0, 3, 0, 0, 0, 0, 0, 0, 0, 1, 4
"d:\weapp\waste_recycle_demo\src\wxcomponents\vant\goods-action\index.wxml", "(Unsupported)", 0, 0, 0, 0, 0, 0, 0, 0, 0, 0, 0
"d:\weapp\waste_recycle_demo\src\wxcomponents\vant\goods-action\index.wxss", "(Unsupported)", 0, 0, 0, 0, 0, 0, 0, 0, 0, 0, 0
"d:\weapp\waste_recycle_demo\src\wxcomponents\vant\grid-item\index.d.ts", "TypeScript", 0, 0, 1, 0, 0, 0, 0, 0, 0, 1, 2
"d:\weapp\waste_recycle_demo\src\wxcomponents\vant\grid-item\index.js", "JavaScript", 0, 0, 0, 0, 0, 52, 0, 0, 0, 1, 53
"d:\weapp\waste_recycle_demo\src\wxcomponents\vant\grid-item\index.json", "JSON", 0, 6, 0, 0, 0, 0, 0, 0, 0, 1, 7
"d:\weapp\waste_recycle_demo\src\wxcomponents\vant\grid-item\index.wxml", "(Unsupported)", 0, 0, 0, 0, 0, 0, 0, 0, 0, 0, 0
"d:\weapp\waste_recycle_demo\src\wxcomponents\vant\grid-item\index.wxs", "XML", 0, 0, 0, 0, 28, 0, 0, 0, 0, 5, 33
"d:\weapp\waste_recycle_demo\src\wxcomponents\vant\grid-item\index.wxss", "(Unsupported)", 0, 0, 0, 0, 0, 0, 0, 0, 0, 0, 0
"d:\weapp\waste_recycle_demo\src\wxcomponents\vant\grid\index.d.ts", "TypeScript", 0, 0, 1, 0, 0, 0, 0, 0, 0, 1, 2
"d:\weapp\waste_recycle_demo\src\wxcomponents\vant\grid\index.js", "JavaScript", 0, 0, 0, 0, 0, 55, 0, 0, 0, 1, 56
"d:\weapp\waste_recycle_demo\src\wxcomponents\vant\grid\index.json", "JSON", 0, 3, 0, 0, 0, 0, 0, 0, 0, 1, 4
"d:\weapp\waste_recycle_demo\src\wxcomponents\vant\grid\index.wxml", "(Unsupported)", 0, 0, 0, 0, 0, 0, 0, 0, 0, 0, 0
"d:\weapp\waste_recycle_demo\src\wxcomponents\vant\grid\index.wxs", "XML", 0, 0, 0, 0, 11, 0, 0, 0, 0, 3, 14
"d:\weapp\waste_recycle_demo\src\wxcomponents\vant\grid\index.wxss", "(Unsupported)", 0, 0, 0, 0, 0, 0, 0, 0, 0, 0, 0
"d:\weapp\waste_recycle_demo\src\wxcomponents\vant\icon\index.d.ts", "TypeScript", 0, 0, 1, 0, 0, 0, 0, 0, 0, 1, 2
"d:\weapp\waste_recycle_demo\src\wxcomponents\vant\icon\index.js", "JavaScript", 0, 0, 0, 0, 0, 20, 0, 0, 0, 1, 21
"d:\weapp\waste_recycle_demo\src\wxcomponents\vant\icon\index.json", "JSON", 0, 6, 0, 0, 0, 0, 0, 0, 0, 1, 7
"d:\weapp\waste_recycle_demo\src\wxcomponents\vant\icon\index.wxml", "(Unsupported)", 0, 0, 0, 0, 0, 0, 0, 0, 0, 0, 0
"d:\weapp\waste_recycle_demo\src\wxcomponents\vant\icon\index.wxs", "XML", 0, 0, 0, 0, 32, 0, 0, 0, 0, 8, 40
"d:\weapp\waste_recycle_demo\src\wxcomponents\vant\icon\index.wxss", "(Unsupported)", 0, 0, 0, 0, 0, 0, 0, 0, 0, 0, 0
"d:\weapp\waste_recycle_demo\src\wxcomponents\vant\image\index.d.ts", "TypeScript", 0, 0, 1, 0, 0, 0, 0, 0, 0, 1, 2
"d:\weapp\waste_recycle_demo\src\wxcomponents\vant\image\index.js", "JavaScript", 0, 0, 0, 0, 0, 60, 0, 0, 0, 1, 61
"d:\weapp\waste_recycle_demo\src\wxcomponents\vant\image\index.json", "JSON", 0, 7, 0, 0, 0, 0, 0, 0, 0, 1, 8
"d:\weapp\waste_recycle_demo\src\wxcomponents\vant\image\index.wxml", "(Unsupported)", 0, 0, 0, 0, 0, 0, 0, 0, 0, 0, 0
"d:\weapp\waste_recycle_demo\src\wxcomponents\vant\image\index.wxs", "XML", 0, 0, 0, 0, 28, 0, 0, 0, 0, 5, 33
"d:\weapp\waste_recycle_demo\src\wxcomponents\vant\image\index.wxss", "(Unsupported)", 0, 0, 0, 0, 0, 0, 0, 0, 0, 0, 0
"d:\weapp\waste_recycle_demo\src\wxcomponents\vant\index-anchor\index.d.ts", "TypeScript", 0, 0, 1, 0, 0, 0, 0, 0, 0, 1, 2
"d:\weapp\waste_recycle_demo\src\wxcomponents\vant\index-anchor\index.js", "JavaScript", 0, 0, 0, 0, 0, 25, 0, 0, 0, 1, 26
"d:\weapp\waste_recycle_demo\src\wxcomponents\vant\index-anchor\index.json", "JSON", 0, 3, 0, 0, 0, 0, 0, 0, 0, 1, 4
"d:\weapp\waste_recycle_demo\src\wxcomponents\vant\index-anchor\index.wxml", "(Unsupported)", 0, 0, 0, 0, 0, 0, 0, 0, 0, 0, 0
"d:\weapp\waste_recycle_demo\src\wxcomponents\vant\index-anchor\index.wxss", "(Unsupported)", 0, 0, 0, 0, 0, 0, 0, 0, 0, 0, 0
"d:\weapp\waste_recycle_demo\src\wxcomponents\vant\index-bar\index.d.ts", "TypeScript", 0, 0, 1, 0, 0, 0, 0, 0, 0, 1, 2
"d:\weapp\waste_recycle_demo\src\wxcomponents\vant\index-bar\index.js", "JavaScript", 0, 0, 0, 0, 0, 246, 0, 0, 0, 1, 247
"d:\weapp\waste_recycle_demo\src\wxcomponents\vant\index-bar\index.json", "JSON", 0, 3, 0, 0, 0, 0, 0, 0, 0, 1, 4
"d:\weapp\waste_recycle_demo\src\wxcomponents\vant\index-bar\index.wxml", "(Unsupported)", 0, 0, 0, 0, 0, 0, 0, 0, 0, 0, 0
"d:\weapp\waste_recycle_demo\src\wxcomponents\vant\index-bar\index.wxss", "(Unsupported)", 0, 0, 0, 0, 0, 0, 0, 0, 0, 0, 0
"d:\weapp\waste_recycle_demo\src\wxcomponents\vant\info\index.d.ts", "TypeScript", 0, 0, 1, 0, 0, 0, 0, 0, 0, 1, 2
"d:\weapp\waste_recycle_demo\src\wxcomponents\vant\info\index.js", "JavaScript", 0, 0, 0, 0, 0, 8, 0, 0, 0, 1, 9
"d:\weapp\waste_recycle_demo\src\wxcomponents\vant\info\index.json", "JSON", 0, 3, 0, 0, 0, 0, 0, 0, 0, 1, 4
"d:\weapp\waste_recycle_demo\src\wxcomponents\vant\info\index.wxml", "(Unsupported)", 0, 0, 0, 0, 0, 0, 0, 0, 0, 0, 0
"d:\weapp\waste_recycle_demo\src\wxcomponents\vant\info\index.wxss", "(Unsupported)", 0, 0, 0, 0, 0, 0, 0, 0, 0, 0, 0
"d:\weapp\waste_recycle_demo\src\wxcomponents\vant\loading\index.d.ts", "TypeScript", 0, 0, 1, 0, 0, 0, 0, 0, 0, 1, 2
"d:\weapp\waste_recycle_demo\src\wxcomponents\vant\loading\index.js", "JavaScript", 0, 0, 0, 0, 0, 16, 0, 0, 0, 1, 17
"d:\weapp\waste_recycle_demo\src\wxcomponents\vant\loading\index.json", "JSON", 0, 3, 0, 0, 0, 0, 0, 0, 0, 1, 4
"d:\weapp\waste_recycle_demo\src\wxcomponents\vant\loading\index.wxml", "(Unsupported)", 0, 0, 0, 0, 0, 0, 0, 0, 0, 0, 0
"d:\weapp\waste_recycle_demo\src\wxcomponents\vant\loading\index.wxs", "XML", 0, 0, 0, 0, 19, 0, 0, 0, 0, 4, 23
"d:\weapp\waste_recycle_demo\src\wxcomponents\vant\loading\index.wxss", "(Unsupported)", 0, 0, 0, 0, 0, 0, 0, 0, 0, 0, 0
"d:\weapp\waste_recycle_demo\src\wxcomponents\vant\mixins\basic.d.ts", "TypeScript", 0, 0, 1, 0, 0, 0, 0, 0, 0, 1, 2
"d:\weapp\waste_recycle_demo\src\wxcomponents\vant\mixins\basic.js", "JavaScript", 0, 0, 0, 0, 0, 11, 0, 0, 0, 1, 12
"d:\weapp\waste_recycle_demo\src\wxcomponents\vant\mixins\button.d.ts", "TypeScript", 0, 0, 1, 0, 0, 0, 0, 0, 0, 1, 2
"d:\weapp\waste_recycle_demo\src\wxcomponents\vant\mixins\button.js", "JavaScript", 0, 0, 0, 0, 0, 44, 0, 0, 0, 1, 45
"d:\weapp\waste_recycle_demo\src\wxcomponents\vant\mixins\link.d.ts", "TypeScript", 0, 0, 1, 0, 0, 0, 0, 0, 0, 1, 2
"d:\weapp\waste_recycle_demo\src\wxcomponents\vant\mixins\link.js", "JavaScript", 0, 0, 0, 0, 0, 23, 0, 0, 0, 1, 24
"d:\weapp\waste_recycle_demo\src\wxcomponents\vant\mixins\page-scroll.d.ts", "TypeScript", 0, 0, 4, 0, 0, 0, 0, 0, 2, 1, 7
"d:\weapp\waste_recycle_demo\src\wxcomponents\vant\mixins\page-scroll.js", "JavaScript", 0, 0, 0, 0, 0, 35, 0, 0, 1, 1, 37
"d:\weapp\waste_recycle_demo\src\wxcomponents\vant\mixins\touch.d.ts", "TypeScript", 0, 0, 1, 0, 0, 0, 0, 0, 0, 1, 2
"d:\weapp\waste_recycle_demo\src\wxcomponents\vant\mixins\touch.js", "JavaScript", 0, 0, 0, 0, 0, 36, 0, 0, 1, 1, 38
"d:\weapp\waste_recycle_demo\src\wxcomponents\vant\mixins\transition.d.ts", "TypeScript", 0, 0, 1, 0, 0, 0, 0, 0, 0, 1, 2
"d:\weapp\waste_recycle_demo\src\wxcomponents\vant\mixins\transition.js", "JavaScript", 0, 0, 0, 0, 0, 112, 0, 0, 3, 1, 116
"d:\weapp\waste_recycle_demo\src\wxcomponents\vant\nav-bar\index.d.ts", "TypeScript", 0, 0, 1, 0, 0, 0, 0, 0, 0, 1, 2
"d:\weapp\waste_recycle_demo\src\wxcomponents\vant\nav-bar\index.js", "JavaScript", 0, 0, 0, 0, 0, 65, 0, 0, 0, 1, 66
"d:\weapp\waste_recycle_demo\src\wxcomponents\vant\nav-bar\index.json", "JSON", 0, 6, 0, 0, 0, 0, 0, 0, 0, 1, 7
"d:\weapp\waste_recycle_demo\src\wxcomponents\vant\nav-bar\index.wxml", "(Unsupported)", 0, 0, 0, 0, 0, 0, 0, 0, 0, 0, 0
"d:\weapp\waste_recycle_demo\src\wxcomponents\vant\nav-bar\index.wxs", "XML", 0, 0, 0, 0, 11, 0, 0, 0, 0, 3, 14
"d:\weapp\waste_recycle_demo\src\wxcomponents\vant\nav-bar\index.wxss", "(Unsupported)", 0, 0, 0, 0, 0, 0, 0, 0, 0, 0, 0
"d:\weapp\waste_recycle_demo\src\wxcomponents\vant\notice-bar\index.d.ts", "TypeScript", 0, 0, 1, 0, 0, 0, 0, 0, 0, 1, 2
"d:\weapp\waste_recycle_demo\src\wxcomponents\vant\notice-bar\index.js", "JavaScript", 0, 0, 0, 0, 0, 120, 0, 0, 0, 1, 121
"d:\weapp\waste_recycle_demo\src\wxcomponents\vant\notice-bar\index.json", "JSON", 0, 6, 0, 0, 0, 0, 0, 0, 0, 1, 7
"d:\weapp\waste_recycle_demo\src\wxcomponents\vant\notice-bar\index.wxml", "(Unsupported)", 0, 0, 0, 0, 0, 0, 0, 0, 0, 0, 0
"d:\weapp\waste_recycle_demo\src\wxcomponents\vant\notice-bar\index.wxs", "XML", 0, 0, 0, 0, 13, 0, 0, 0, 0, 3, 16
"d:\weapp\waste_recycle_demo\src\wxcomponents\vant\notice-bar\index.wxss", "(Unsupported)", 0, 0, 0, 0, 0, 0, 0, 0, 0, 0, 0
"d:\weapp\waste_recycle_demo\src\wxcomponents\vant\notify\index.d.ts", "TypeScript", 0, 0, 1, 0, 0, 0, 0, 0, 0, 1, 2
"d:\weapp\waste_recycle_demo\src\wxcomponents\vant\notify\index.js", "JavaScript", 0, 0, 0, 0, 0, 65, 0, 0, 0, 1, 66
"d:\weapp\waste_recycle_demo\src\wxcomponents\vant\notify\index.json", "JSON", 0, 6, 0, 0, 0, 0, 0, 0, 0, 1, 7
"d:\weapp\waste_recycle_demo\src\wxcomponents\vant\notify\index.wxml", "(Unsupported)", 0, 0, 0, 0, 0, 0, 0, 0, 0, 0, 0
"d:\weapp\waste_recycle_demo\src\wxcomponents\vant\notify\index.wxs", "XML", 0, 0, 0, 0, 19, 0, 0, 0, 0, 4, 23
"d:\weapp\waste_recycle_demo\src\wxcomponents\vant\notify\index.wxss", "(Unsupported)", 0, 0, 0, 0, 0, 0, 0, 0, 0, 0, 0
"d:\weapp\waste_recycle_demo\src\wxcomponents\vant\notify\notify.d.ts", "TypeScript", 0, 0, 22, 0, 0, 0, 0, 0, 0, 1, 23
"d:\weapp\waste_recycle_demo\src\wxcomponents\vant\notify\notify.js", "JavaScript", 0, 0, 0, 0, 0, 53, 0, 0, 0, 1, 54
"d:\weapp\waste_recycle_demo\src\wxcomponents\vant\overlay\index.d.ts", "TypeScript", 0, 0, 1, 0, 0, 0, 0, 0, 0, 1, 2
"d:\weapp\waste_recycle_demo\src\wxcomponents\vant\overlay\index.js", "JavaScript", 0, 0, 0, 0, 0, 25, 0, 0, 1, 1, 27
"d:\weapp\waste_recycle_demo\src\wxcomponents\vant\overlay\index.json", "JSON", 0, 6, 0, 0, 0, 0, 0, 0, 0, 1, 7
"d:\weapp\waste_recycle_demo\src\wxcomponents\vant\overlay\index.wxml", "(Unsupported)", 0, 0, 0, 0, 0, 0, 0, 0, 0, 0, 0
"d:\weapp\waste_recycle_demo\src\wxcomponents\vant\overlay\index.wxss", "(Unsupported)", 0, 0, 0, 0, 0, 0, 0, 0, 0, 0, 0
"d:\weapp\waste_recycle_demo\src\wxcomponents\vant\panel\index.d.ts", "TypeScript", 0, 0, 1, 0, 0, 0, 0, 0, 0, 1, 2
"d:\weapp\waste_recycle_demo\src\wxcomponents\vant\panel\index.js", "JavaScript", 0, 0, 0, 0, 0, 9, 0, 0, 0, 1, 10
"d:\weapp\waste_recycle_demo\src\wxcomponents\vant\panel\index.json", "JSON", 0, 6, 0, 0, 0, 0, 0, 0, 0, 1, 7
"d:\weapp\waste_recycle_demo\src\wxcomponents\vant\panel\index.wxml", "(Unsupported)", 0, 0, 0, 0, 0, 0, 0, 0, 0, 0, 0
"d:\weapp\waste_recycle_demo\src\wxcomponents\vant\panel\index.wxss", "(Unsupported)", 0, 0, 0, 0, 0, 0, 0, 0, 0, 0, 0
"d:\weapp\waste_recycle_demo\src\wxcomponents\vant\picker-column\index.d.ts", "TypeScript", 0, 0, 1, 0, 0, 0, 0, 0, 0, 1, 2
"d:\weapp\waste_recycle_demo\src\wxcomponents\vant\picker-column\index.js", "JavaScript", 0, 0, 0, 0, 0, 118, 0, 0, 0, 1, 119
"d:\weapp\waste_recycle_demo\src\wxcomponents\vant\picker-column\index.json", "JSON", 0, 3, 0, 0, 0, 0, 0, 0, 0, 1, 4
"d:\weapp\waste_recycle_demo\src\wxcomponents\vant\picker-column\index.wxml", "(Unsupported)", 0, 0, 0, 0, 0, 0, 0, 0, 0, 0, 0
"d:\weapp\waste_recycle_demo\src\wxcomponents\vant\picker-column\index.wxs", "XML", 0, 0, 0, 0, 30, 0, 0, 0, 0, 7, 37
"d:\weapp\waste_recycle_demo\src\wxcomponents\vant\picker-column\index.wxss", "(Unsupported)", 0, 0, 0, 0, 0, 0, 0, 0, 0, 0, 0
"d:\weapp\waste_recycle_demo\src\wxcomponents\vant\picker\index.d.ts", "TypeScript", 0, 0, 1, 0, 0, 0, 0, 0, 0, 1, 2
"d:\weapp\waste_recycle_demo\src\wxcomponents\vant\picker\index.js", "JavaScript", 0, 0, 0, 0, 0, 125, 0, 0, 11, 1, 137
"d:\weapp\waste_recycle_demo\src\wxcomponents\vant\picker\index.json", "JSON", 0, 7, 0, 0, 0, 0, 0, 0, 0, 1, 8
"d:\weapp\waste_recycle_demo\src\wxcomponents\vant\picker\index.wxml", "(Unsupported)", 0, 0, 0, 0, 0, 0, 0, 0, 0, 0, 0
"d:\weapp\waste_recycle_demo\src\wxcomponents\vant\picker\index.wxs", "XML", 0, 0, 0, 0, 35, 0, 0, 0, 0, 8, 43
"d:\weapp\waste_recycle_demo\src\wxcomponents\vant\picker\index.wxss", "(Unsupported)", 0, 0, 0, 0, 0, 0, 0, 0, 0, 0, 0
"d:\weapp\waste_recycle_demo\src\wxcomponents\vant\picker\shared.d.ts", "TypeScript", 0, 0, 21, 0, 0, 0, 0, 0, 0, 1, 22
"d:\weapp\waste_recycle_demo\src\wxcomponents\vant\picker\shared.js", "JavaScript", 0, 0, 0, 0, 0, 21, 0, 0, 0, 1, 22
"d:\weapp\waste_recycle_demo\src\wxcomponents\vant\picker\toolbar.wxml", "(Unsupported)", 0, 0, 0, 0, 0, 0, 0, 0, 0, 0, 0
"d:\weapp\waste_recycle_demo\src\wxcomponents\vant\popup\index.d.ts", "TypeScript", 0, 0, 1, 0, 0, 0, 0, 0, 0, 1, 2
"d:\weapp\waste_recycle_demo\src\wxcomponents\vant\popup\index.js", "JavaScript", 0, 0, 0, 0, 0, 89, 0, 0, 0, 1, 90
"d:\weapp\waste_recycle_demo\src\wxcomponents\vant\popup\index.json", "JSON", 0, 7, 0, 0, 0, 0, 0, 0, 0, 1, 8
"d:\weapp\waste_recycle_demo\src\wxcomponents\vant\popup\index.wxml", "(Unsupported)", 0, 0, 0, 0, 0, 0, 0, 0, 0, 0, 0
"d:\weapp\waste_recycle_demo\src\wxcomponents\vant\popup\index.wxs", "XML", 0, 0, 0, 0, 16, 0, 0, 0, 0, 3, 19
"d:\weapp\waste_recycle_demo\src\wxcomponents\vant\popup\index.wxss", "(Unsupported)", 0, 0, 0, 0, 0, 0, 0, 0, 0, 0, 0
"d:\weapp\waste_recycle_demo\src\wxcomponents\vant\progress\index.d.ts", "TypeScript", 0, 0, 1, 0, 0, 0, 0, 0, 0, 1, 2
"d:\weapp\waste_recycle_demo\src\wxcomponents\vant\progress\index.js", "JavaScript", 0, 0, 0, 0, 0, 51, 0, 0, 0, 1, 52
"d:\weapp\waste_recycle_demo\src\wxcomponents\vant\progress\index.json", "JSON", 0, 3, 0, 0, 0, 0, 0, 0, 0, 1, 4
"d:\weapp\waste_recycle_demo\src\wxcomponents\vant\progress\index.wxml", "(Unsupported)", 0, 0, 0, 0, 0, 0, 0, 0, 0, 0, 0
"d:\weapp\waste_recycle_demo\src\wxcomponents\vant\progress\index.wxs", "XML", 0, 0, 0, 0, 31, 0, 0, 0, 0, 6, 37
"d:\weapp\waste_recycle_demo\src\wxcomponents\vant\progress\index.wxss", "(Unsupported)", 0, 0, 0, 0, 0, 0, 0, 0, 0, 0, 0
"d:\weapp\waste_recycle_demo\src\wxcomponents\vant\radio-group\index.d.ts", "TypeScript", 0, 0, 1, 0, 0, 0, 0, 0, 0, 1, 2
"d:\weapp\waste_recycle_demo\src\wxcomponents\vant\radio-group\index.js", "JavaScript", 0, 0, 0, 0, 0, 22, 0, 0, 0, 1, 23
"d:\weapp\waste_recycle_demo\src\wxcomponents\vant\radio-group\index.json", "JSON", 0, 3, 0, 0, 0, 0, 0, 0, 0, 1, 4
"d:\weapp\waste_recycle_demo\src\wxcomponents\vant\radio-group\index.wxml", "(Unsupported)", 0, 0, 0, 0, 0, 0, 0, 0, 0, 0, 0
"d:\weapp\waste_recycle_demo\src\wxcomponents\vant\radio-group\index.wxss", "(Unsupported)", 0, 0, 0, 0, 0, 0, 0, 0, 0, 0, 0
"d:\weapp\waste_recycle_demo\src\wxcomponents\vant\radio\index.d.ts", "TypeScript", 0, 0, 1, 0, 0, 0, 0, 0, 0, 1, 2
"d:\weapp\waste_recycle_demo\src\wxcomponents\vant\radio\index.js", "JavaScript", 0, 0, 0, 0, 0, 66, 0, 0, 0, 1, 67
"d:\weapp\waste_recycle_demo\src\wxcomponents\vant\radio\index.json", "JSON", 0, 6, 0, 0, 0, 0, 0, 0, 0, 1, 7
"d:\weapp\waste_recycle_demo\src\wxcomponents\vant\radio\index.wxml", "(Unsupported)", 0, 0, 0, 0, 0, 0, 0, 0, 0, 0, 0
"d:\weapp\waste_recycle_demo\src\wxcomponents\vant\radio\index.wxs", "XML", 0, 0, 0, 0, 28, 0, 0, 0, 0, 6, 34
"d:\weapp\waste_recycle_demo\src\wxcomponents\vant\radio\index.wxss", "(Unsupported)", 0, 0, 0, 0, 0, 0, 0, 0, 0, 0, 0
"d:\weapp\waste_recycle_demo\src\wxcomponents\vant\rate\index.d.ts", "TypeScript", 0, 0, 1, 0, 0, 0, 0, 0, 0, 1, 2
"d:\weapp\waste_recycle_demo\src\wxcomponents\vant\rate\index.js", "JavaScript", 0, 0, 0, 0, 0, 78, 0, 0, 0, 1, 79
"d:\weapp\waste_recycle_demo\src\wxcomponents\vant\rate\index.json", "JSON", 0, 6, 0, 0, 0, 0, 0, 0, 0, 1, 7
"d:\weapp\waste_recycle_demo\src\wxcomponents\vant\rate\index.wxml", "(Unsupported)", 0, 0, 0, 0, 0, 0, 0, 0, 0, 0, 0
"d:\weapp\waste_recycle_demo\src\wxcomponents\vant\rate\index.wxss", "(Unsupported)", 0, 0, 0, 0, 0, 0, 0, 0, 0, 0, 0
"d:\weapp\waste_recycle_demo\src\wxcomponents\vant\row\index.d.ts", "TypeScript", 0, 0, 1, 0, 0, 0, 0, 0, 0, 1, 2
"d:\weapp\waste_recycle_demo\src\wxcomponents\vant\row\index.js", "JavaScript", 0, 0, 0, 0, 0, 23, 0, 0, 0, 1, 24
"d:\weapp\waste_recycle_demo\src\wxcomponents\vant\row\index.json", "JSON", 0, 3, 0, 0, 0, 0, 0, 0, 0, 1, 4
"d:\weapp\waste_recycle_demo\src\wxcomponents\vant\row\index.wxml", "(Unsupported)", 0, 0, 0, 0, 0, 0, 0, 0, 0, 0, 0
"d:\weapp\waste_recycle_demo\src\wxcomponents\vant\row\index.wxs", "XML", 0, 0, 0, 0, 15, 0, 0, 0, 0, 4, 19
"d:\weapp\waste_recycle_demo\src\wxcomponents\vant\row\index.wxss", "(Unsupported)", 0, 0, 0, 0, 0, 0, 0, 0, 0, 0, 0
"d:\weapp\waste_recycle_demo\src\wxcomponents\vant\search\index.d.ts", "TypeScript", 0, 0, 1, 0, 0, 0, 0, 0, 0, 1, 2
"d:\weapp\waste_recycle_demo\src\wxcomponents\vant\search\index.js", "JavaScript", 0, 0, 0, 0, 0, 85, 0, 0, 4, 1, 90
"d:\weapp\waste_recycle_demo\src\wxcomponents\vant\search\index.json", "JSON", 0, 6, 0, 0, 0, 0, 0, 0, 0, 1, 7
"d:\weapp\waste_recycle_demo\src\wxcomponents\vant\search\index.wxml", "(Unsupported)", 0, 0, 0, 0, 0, 0, 0, 0, 0, 0, 0
"d:\weapp\waste_recycle_demo\src\wxcomponents\vant\search\index.wxss", "(Unsupported)", 0, 0, 0, 0, 0, 0, 0, 0, 0, 0, 0
"d:\weapp\waste_recycle_demo\src\wxcomponents\vant\share-sheet\index.d.ts", "TypeScript", 0, 0, 1, 0, 0, 0, 0, 0, 0, 1, 2
"d:\weapp\waste_recycle_demo\src\wxcomponents\vant\share-sheet\index.js", "JavaScript", 0, 0, 0, 0, 0, 52, 0, 0, 3, 1, 56
"d:\weapp\waste_recycle_demo\src\wxcomponents\vant\share-sheet\index.json", "JSON", 0, 7, 0, 0, 0, 0, 0, 0, 0, 1, 8
"d:\weapp\waste_recycle_demo\src\wxcomponents\vant\share-sheet\index.wxml", "(Unsupported)", 0, 0, 0, 0, 0, 0, 0, 0, 0, 0, 0
"d:\weapp\waste_recycle_demo\src\wxcomponents\vant\share-sheet\index.wxs", "XML", 0, 0, 0, 0, 10, 0, 0, 0, 0, 3, 13
"d:\weapp\waste_recycle_demo\src\wxcomponents\vant\share-sheet\index.wxss", "(Unsupported)", 0, 0, 0, 0, 0, 0, 0, 0, 0, 0, 0
"d:\weapp\waste_recycle_demo\src\wxcomponents\vant\share-sheet\options.d.ts", "TypeScript", 0, 0, 1, 0, 0, 0, 0, 0, 0, 1, 2
"d:\weapp\waste_recycle_demo\src\wxcomponents\vant\share-sheet\options.js", "JavaScript", 0, 0, 0, 0, 0, 14, 0, 0, 0, 1, 15
"d:\weapp\waste_recycle_demo\src\wxcomponents\vant\share-sheet\options.json", "JSON", 0, 3, 0, 0, 0, 0, 0, 0, 0, 1, 4
"d:\weapp\waste_recycle_demo\src\wxcomponents\vant\share-sheet\options.wxml", "(Unsupported)", 0, 0, 0, 0, 0, 0, 0, 0, 0, 0, 0
"d:\weapp\waste_recycle_demo\src\wxcomponents\vant\share-sheet\options.wxs", "XML", 0, 0, 0, 0, 11, 0, 0, 0, 0, 4, 15
"d:\weapp\waste_recycle_demo\src\wxcomponents\vant\share-sheet\options.wxss", "(Unsupported)", 0, 0, 0, 0, 0, 0, 0, 0, 0, 0, 0
"d:\weapp\waste_recycle_demo\src\wxcomponents\vant\sidebar-item\index.d.ts", "TypeScript", 0, 0, 1, 0, 0, 0, 0, 0, 0, 1, 2
"d:\weapp\waste_recycle_demo\src\wxcomponents\vant\sidebar-item\index.js", "JavaScript", 0, 0, 0, 0, 0, 29, 0, 0, 0, 1, 30
"d:\weapp\waste_recycle_demo\src\wxcomponents\vant\sidebar-item\index.json", "JSON", 0, 6, 0, 0, 0, 0, 0, 0, 0, 1, 7
"d:\weapp\waste_recycle_demo\src\wxcomponents\vant\sidebar-item\index.wxml", "(Unsupported)", 0, 0, 0, 0, 0, 0, 0, 0, 0, 0, 0
"d:\weapp\waste_recycle_demo\src\wxcomponents\vant\sidebar-item\index.wxss", "(Unsupported)", 0, 0, 0, 0, 0, 0, 0, 0, 0, 0, 0
"d:\weapp\waste_recycle_demo\src\wxcomponents\vant\sidebar\index.d.ts", "TypeScript", 0, 0, 1, 0, 0, 0, 0, 0, 0, 1, 2
"d:\weapp\waste_recycle_demo\src\wxcomponents\vant\sidebar\index.js", "JavaScript", 0, 0, 0, 0, 0, 34, 0, 0, 0, 1, 35
"d:\weapp\waste_recycle_demo\src\wxcomponents\vant\sidebar\index.json", "JSON", 0, 3, 0, 0, 0, 0, 0, 0, 0, 1, 4
"d:\weapp\waste_recycle_demo\src\wxcomponents\vant\sidebar\index.wxml", "(Unsupported)", 0, 0, 0, 0, 0, 0, 0, 0, 0, 0, 0
"d:\weapp\waste_recycle_demo\src\wxcomponents\vant\sidebar\index.wxss", "(Unsupported)", 0, 0, 0, 0, 0, 0, 0, 0, 0, 0, 0
"d:\weapp\waste_recycle_demo\src\wxcomponents\vant\skeleton\index.d.ts", "TypeScript", 0, 0, 1, 0, 0, 0, 0, 0, 0, 1, 2
"d:\weapp\waste_recycle_demo\src\wxcomponents\vant\skeleton\index.js", "JavaScript", 0, 0, 0, 0, 0, 46, 0, 0, 0, 1, 47
"d:\weapp\waste_recycle_demo\src\wxcomponents\vant\skeleton\index.json", "JSON", 0, 4, 0, 0, 0, 0, 0, 0, 0, 1, 5
"d:\weapp\waste_recycle_demo\src\wxcomponents\vant\skeleton\index.wxml", "(Unsupported)", 0, 0, 0, 0, 0, 0, 0, 0, 0, 0, 0
"d:\weapp\waste_recycle_demo\src\wxcomponents\vant\skeleton\index.wxss", "(Unsupported)", 0, 0, 0, 0, 0, 0, 0, 0, 0, 0, 0
"d:\weapp\waste_recycle_demo\src\wxcomponents\vant\slider\index.d.ts", "TypeScript", 0, 0, 1, 0, 0, 0, 0, 0, 0, 1, 2
"d:\weapp\waste_recycle_demo\src\wxcomponents\vant\slider\index.js", "JavaScript", 0, 0, 0, 0, 0, 189, 0, 0, 2, 1, 192
"d:\weapp\waste_recycle_demo\src\wxcomponents\vant\slider\index.json", "JSON", 0, 3, 0, 0, 0, 0, 0, 0, 0, 1, 4
"d:\weapp\waste_recycle_demo\src\wxcomponents\vant\slider\index.wxml", "(Unsupported)", 0, 0, 0, 0, 0, 0, 0, 0, 0, 0, 0
"d:\weapp\waste_recycle_demo\src\wxcomponents\vant\slider\index.wxs", "XML", 0, 0, 0, 0, 12, 0, 0, 0, 0, 3, 15
"d:\weapp\waste_recycle_demo\src\wxcomponents\vant\slider\index.wxss", "(Unsupported)", 0, 0, 0, 0, 0, 0, 0, 0, 0, 0, 0
"d:\weapp\waste_recycle_demo\src\wxcomponents\vant\stepper\index.d.ts", "TypeScript", 0, 0, 1, 0, 0, 0, 0, 0, 0, 1, 2
"d:\weapp\waste_recycle_demo\src\wxcomponents\vant\stepper\index.js", "JavaScript", 0, 0, 0, 0, 0, 178, 0, 0, 7, 1, 186
"d:\weapp\waste_recycle_demo\src\wxcomponents\vant\stepper\index.json", "JSON", 0, 3, 0, 0, 0, 0, 0, 0, 0, 1, 4
"d:\weapp\waste_recycle_demo\src\wxcomponents\vant\stepper\index.wxml", "(Unsupported)", 0, 0, 0, 0, 0, 0, 0, 0, 0, 0, 0
"d:\weapp\waste_recycle_demo\src\wxcomponents\vant\stepper\index.wxs", "XML", 0, 0, 0, 0, 19, 0, 0, 0, 0, 4, 23
"d:\weapp\waste_recycle_demo\src\wxcomponents\vant\stepper\index.wxss", "(Unsupported)", 0, 0, 0, 0, 0, 0, 0, 0, 0, 0, 0
"d:\weapp\waste_recycle_demo\src\wxcomponents\vant\steps\index.d.ts", "TypeScript", 0, 0, 1, 0, 0, 0, 0, 0, 0, 1, 2
"d:\weapp\waste_recycle_demo\src\wxcomponents\vant\steps\index.js", "JavaScript", 0, 0, 0, 0, 0, 33, 0, 0, 0, 1, 34
"d:\weapp\waste_recycle_demo\src\wxcomponents\vant\steps\index.json", "JSON", 0, 6, 0, 0, 0, 0, 0, 0, 0, 1, 7
"d:\weapp\waste_recycle_demo\src\wxcomponents\vant\steps\index.wxml", "(Unsupported)", 0, 0, 0, 0, 0, 0, 0, 0, 0, 0, 0
"d:\weapp\waste_recycle_demo\src\wxcomponents\vant\steps\index.wxss", "(Unsupported)", 0, 0, 0, 0, 0, 0, 0, 0, 0, 0, 0
"d:\weapp\waste_recycle_demo\src\wxcomponents\vant\sticky\index.d.ts", "TypeScript", 0, 0, 1, 0, 0, 0, 0, 0, 0, 1, 2
"d:\weapp\waste_recycle_demo\src\wxcomponents\vant\sticky\index.js", "JavaScript", 0, 0, 0, 0, 0, 118, 0, 0, 0, 1, 119
"d:\weapp\waste_recycle_demo\src\wxcomponents\vant\sticky\index.json", "JSON", 0, 3, 0, 0, 0, 0, 0, 0, 0, 1, 4
"d:\weapp\waste_recycle_demo\src\wxcomponents\vant\sticky\index.wxml", "(Unsupported)", 0, 0, 0, 0, 0, 0, 0, 0, 0, 0, 0
"d:\weapp\waste_recycle_demo\src\wxcomponents\vant\sticky\index.wxs", "XML", 0, 0, 0, 0, 22, 0, 0, 0, 0, 4, 26
"d:\weapp\waste_recycle_demo\src\wxcomponents\vant\sticky\index.wxss", "(Unsupported)", 0, 0, 0, 0, 0, 0, 0, 0, 0, 0, 0
"d:\weapp\waste_recycle_demo\src\wxcomponents\vant\submit-bar\index.d.ts", "TypeScript", 0, 0, 1, 0, 0, 0, 0, 0, 0, 1, 2
"d:\weapp\waste_recycle_demo\src\wxcomponents\vant\submit-bar\index.js", "JavaScript", 0, 0, 0, 0, 0, 56, 0, 0, 0, 1, 57
"d:\weapp\waste_recycle_demo\src\wxcomponents\vant\submit-bar\index.json", "JSON", 0, 7, 0, 0, 0, 0, 0, 0, 0, 1, 8
"d:\weapp\waste_recycle_demo\src\wxcomponents\vant\submit-bar\index.wxml", "(Unsupported)", 0, 0, 0, 0, 0, 0, 0, 0, 0, 0, 0
"d:\weapp\waste_recycle_demo\src\wxcomponents\vant\submit-bar\index.wxss", "(Unsupported)", 0, 0, 0, 0, 0, 0, 0, 0, 0, 0, 0
"d:\weapp\waste_recycle_demo\src\wxcomponents\vant\swipe-cell\index.d.ts", "TypeScript", 0, 0, 1, 0, 0, 0, 0, 0, 0, 1, 2
"d:\weapp\waste_recycle_demo\src\wxcomponents\vant\swipe-cell\index.js", "JavaScript", 0, 0, 0, 0, 0, 133, 0, 0, 0, 1, 134
"d:\weapp\waste_recycle_demo\src\wxcomponents\vant\swipe-cell\index.json", "JSON", 0, 3, 0, 0, 0, 0, 0, 0, 0, 1, 4
"d:\weapp\waste_recycle_demo\src\wxcomponents\vant\swipe-cell\index.wxml", "(Unsupported)", 0, 0, 0, 0, 0, 0, 0, 0, 0, 0, 0
"d:\weapp\waste_recycle_demo\src\wxcomponents\vant\swipe-cell\index.wxss", "(Unsupported)", 0, 0, 0, 0, 0, 0, 0, 0, 0, 0, 0
"d:\weapp\waste_recycle_demo\src\wxcomponents\vant\switch\index.d.ts", "TypeScript", 0, 0, 1, 0, 0, 0, 0, 0, 0, 1, 2
"d:\weapp\waste_recycle_demo\src\wxcomponents\vant\switch\index.js", "JavaScript", 0, 0, 0, 0, 0, 36, 0, 0, 0, 1, 37
"d:\weapp\waste_recycle_demo\src\wxcomponents\vant\switch\index.json", "JSON", 0, 6, 0, 0, 0, 0, 0, 0, 0, 1, 7
"d:\weapp\waste_recycle_demo\src\wxcomponents\vant\switch\index.wxml", "(Unsupported)", 0, 0, 0, 0, 0, 0, 0, 0, 0, 0, 0
"d:\weapp\waste_recycle_demo\src\wxcomponents\vant\switch\index.wxs", "XML", 0, 0, 0, 0, 21, 0, 0, 0, 0, 6, 27
"d:\weapp\waste_recycle_demo\src\wxcomponents\vant\switch\index.wxss", "(Unsupported)", 0, 0, 0, 0, 0, 0, 0, 0, 0, 0, 0
"d:\weapp\waste_recycle_demo\src\wxcomponents\vant\tab\index.d.ts", "TypeScript", 0, 0, 1, 0, 0, 0, 0, 0, 0, 1, 2
"d:\weapp\waste_recycle_demo\src\wxcomponents\vant\tab\index.js", "JavaScript", 0, 0, 0, 0, 0, 56, 0, 0, 0, 1, 57
"d:\weapp\waste_recycle_demo\src\wxcomponents\vant\tab\index.json", "JSON", 0, 3, 0, 0, 0, 0, 0, 0, 0, 1, 4
"d:\weapp\waste_recycle_demo\src\wxcomponents\vant\tab\index.wxml", "(Unsupported)", 0, 0, 0, 0, 0, 0, 0, 0, 0, 0, 0
"d:\weapp\waste_recycle_demo\src\wxcomponents\vant\tab\index.wxss", "(Unsupported)", 0, 0, 0, 0, 0, 0, 0, 0, 0, 0, 0
"d:\weapp\waste_recycle_demo\src\wxcomponents\vant\tabbar-item\index.d.ts", "TypeScript", 0, 0, 1, 0, 0, 0, 0, 0, 0, 1, 2
"d:\weapp\waste_recycle_demo\src\wxcomponents\vant\tabbar-item\index.js", "JavaScript", 0, 0, 0, 0, 0, 56, 0, 0, 0, 1, 57
"d:\weapp\waste_recycle_demo\src\wxcomponents\vant\tabbar-item\index.json", "JSON", 0, 7, 0, 0, 0, 0, 0, 0, 0, 1, 8
"d:\weapp\waste_recycle_demo\src\wxcomponents\vant\tabbar-item\index.wxml", "(Unsupported)", 0, 0, 0, 0, 0, 0, 0, 0, 0, 0, 0
"d:\weapp\waste_recycle_demo\src\wxcomponents\vant\tabbar-item\index.wxss", "(Unsupported)", 0, 0, 0, 0, 0, 0, 0, 0, 0, 0, 0
"d:\weapp\waste_recycle_demo\src\wxcomponents\vant\tabbar\index.d.ts", "TypeScript", 0, 0, 1, 0, 0, 0, 0, 0, 0, 1, 2
"d:\weapp\waste_recycle_demo\src\wxcomponents\vant\tabbar\index.js", "JavaScript", 0, 0, 0, 0, 0, 65, 0, 0, 0, 1, 66
"d:\weapp\waste_recycle_demo\src\wxcomponents\vant\tabbar\index.json", "JSON", 0, 3, 0, 0, 0, 0, 0, 0, 0, 1, 4
"d:\weapp\waste_recycle_demo\src\wxcomponents\vant\tabbar\index.wxml", "(Unsupported)", 0, 0, 0, 0, 0, 0, 0, 0, 0, 0, 0
"d:\weapp\waste_recycle_demo\src\wxcomponents\vant\tabbar\index.wxss", "(Unsupported)", 0, 0, 0, 0, 0, 0, 0, 0, 0, 0, 0
"d:\weapp\waste_recycle_demo\src\wxcomponents\vant\tabs\index.d.ts", "TypeScript", 0, 0, 1, 0, 0, 0, 0, 0, 0, 1, 2
"d:\weapp\waste_recycle_demo\src\wxcomponents\vant\tabs\index.js", "JavaScript", 0, 0, 0, 0, 0, 267, 0, 0, 3, 1, 271
"d:\weapp\waste_recycle_demo\src\wxcomponents\vant\tabs\index.json", "JSON", 0, 7, 0, 0, 0, 0, 0, 0, 0, 1, 8
"d:\weapp\waste_recycle_demo\src\wxcomponents\vant\tabs\index.wxml", "(Unsupported)", 0, 0, 0, 0, 0, 0, 0, 0, 0, 0, 0
"d:\weapp\waste_recycle_demo\src\wxcomponents\vant\tabs\index.wxs", "XML", 0, 0, 0, 0, 69, 0, 0, 0, 0, 14, 83
"d:\weapp\waste_recycle_demo\src\wxcomponents\vant\tabs\index.wxss", "(Unsupported)", 0, 0, 0, 0, 0, 0, 0, 0, 0, 0, 0
"d:\weapp\waste_recycle_demo\src\wxcomponents\vant\tag\index.d.ts", "TypeScript", 0, 0, 1, 0, 0, 0, 0, 0, 0, 1, 2
"d:\weapp\waste_recycle_demo\src\wxcomponents\vant\tag\index.js", "JavaScript", 0, 0, 0, 0, 0, 21, 0, 0, 0, 1, 22
"d:\weapp\waste_recycle_demo\src\wxcomponents\vant\tag\index.json", "JSON", 0, 6, 0, 0, 0, 0, 0, 0, 0, 1, 7
"d:\weapp\waste_recycle_demo\src\wxcomponents\vant\tag\index.wxml", "(Unsupported)", 0, 0, 0, 0, 0, 0, 0, 0, 0, 0, 0
"d:\weapp\waste_recycle_demo\src\wxcomponents\vant\tag\index.wxs", "XML", 0, 0, 0, 0, 11, 0, 0, 0, 0, 3, 14
"d:\weapp\waste_recycle_demo\src\wxcomponents\vant\tag\index.wxss", "(Unsupported)", 0, 0, 0, 0, 0, 0, 0, 0, 0, 0, 0
"d:\weapp\waste_recycle_demo\src\wxcomponents\vant\toast\index.d.ts", "TypeScript", 0, 0, 1, 0, 0, 0, 0, 0, 0, 1, 2
"d:\weapp\waste_recycle_demo\src\wxcomponents\vant\toast\index.js", "JavaScript", 0, 0, 0, 0, 0, 28, 0, 0, 1, 1, 30
"d:\weapp\waste_recycle_demo\src\wxcomponents\vant\toast\index.json", "JSON", 0, 9, 0, 0, 0, 0, 0, 0, 0, 1, 10
"d:\weapp\waste_recycle_demo\src\wxcomponents\vant\toast\index.wxml", "(Unsupported)", 0, 0, 0, 0, 0, 0, 0, 0, 0, 0, 0
"d:\weapp\waste_recycle_demo\src\wxcomponents\vant\toast\index.wxss", "(Unsupported)", 0, 0, 0, 0, 0, 0, 0, 0, 0, 0, 0
"d:\weapp\waste_recycle_demo\src\wxcomponents\vant\toast\toast.d.ts", "TypeScript", 0, 0, 26, 0, 0, 0, 0, 0, 2, 1, 29
"d:\weapp\waste_recycle_demo\src\wxcomponents\vant\toast\toast.js", "JavaScript", 0, 0, 0, 0, 0, 68, 0, 0, 0, 1, 69
"d:\weapp\waste_recycle_demo\src\wxcomponents\vant\transition\index.d.ts", "TypeScript", 0, 0, 1, 0, 0, 0, 0, 0, 0, 1, 2
"d:\weapp\waste_recycle_demo\src\wxcomponents\vant\transition\index.js", "JavaScript", 0, 0, 0, 0, 0, 13, 0, 0, 0, 1, 14
"d:\weapp\waste_recycle_demo\src\wxcomponents\vant\transition\index.json", "JSON", 0, 3, 0, 0, 0, 0, 0, 0, 0, 1, 4
"d:\weapp\waste_recycle_demo\src\wxcomponents\vant\transition\index.wxml", "(Unsupported)", 0, 0, 0, 0, 0, 0, 0, 0, 0, 0, 0
"d:\weapp\waste_recycle_demo\src\wxcomponents\vant\transition\index.wxs", "XML", 0, 0, 0, 0, 15, 0, 0, 0, 0, 3, 18
"d:\weapp\waste_recycle_demo\src\wxcomponents\vant\transition\index.wxss", "(Unsupported)", 0, 0, 0, 0, 0, 0, 0, 0, 0, 0, 0
"d:\weapp\waste_recycle_demo\src\wxcomponents\vant\tree-select\index.d.ts", "TypeScript", 0, 0, 1, 0, 0, 0, 0, 0, 0, 1, 2
"d:\weapp\waste_recycle_demo\src\wxcomponents\vant\tree-select\index.js", "JavaScript", 0, 0, 0, 0, 0, 63, 0, 0, 5, 1, 69
"d:\weapp\waste_recycle_demo\src\wxcomponents\vant\tree-select\index.json", "JSON", 0, 8, 0, 0, 0, 0, 0, 0, 0, 1, 9
"d:\weapp\waste_recycle_demo\src\wxcomponents\vant\tree-select\index.wxml", "(Unsupported)", 0, 0, 0, 0, 0, 0, 0, 0, 0, 0, 0
"d:\weapp\waste_recycle_demo\src\wxcomponents\vant\tree-select\index.wxs", "XML", 0, 0, 0, 0, 9, 0, 0, 0, 0, 4, 13
"d:\weapp\waste_recycle_demo\src\wxcomponents\vant\tree-select\index.wxss", "(Unsupported)", 0, 0, 0, 0, 0, 0, 0, 0, 0, 0, 0
"d:\weapp\waste_recycle_demo\src\wxcomponents\vant\uploader\index.d.ts", "TypeScript", 0, 0, 1, 0, 0, 0, 0, 0, 0, 1, 2
"d:\weapp\waste_recycle_demo\src\wxcomponents\vant\uploader\index.js", "JavaScript", 0, 0, 0, 0, 0, 155, 0, 0, 0, 1, 156
"d:\weapp\waste_recycle_demo\src\wxcomponents\vant\uploader\index.json", "JSON", 0, 7, 0, 0, 0, 0, 0, 0, 0, 1, 8
"d:\weapp\waste_recycle_demo\src\wxcomponents\vant\uploader\index.wxml", "(Unsupported)", 0, 0, 0, 0, 0, 0, 0, 0, 0, 0, 0
"d:\weapp\waste_recycle_demo\src\wxcomponents\vant\uploader\index.wxs", "XML", 0, 0, 0, 0, 15, 0, 0, 0, 0, 3, 18
"d:\weapp\waste_recycle_demo\src\wxcomponents\vant\uploader\index.wxss", "(Unsupported)", 0, 0, 0, 0, 0, 0, 0, 0, 0, 0, 0
"d:\weapp\waste_recycle_demo\src\wxcomponents\vant\uploader\shared.d.ts", "TypeScript", 0, 0, 28, 0, 0, 0, 0, 0, 0, 1, 29
"d:\weapp\waste_recycle_demo\src\wxcomponents\vant\uploader\shared.js", "JavaScript", 0, 0, 0, 0, 0, 28, 0, 0, 2, 1, 31
"d:\weapp\waste_recycle_demo\src\wxcomponents\vant\uploader\utils.d.ts", "TypeScript", 0, 0, 22, 0, 0, 0, 0, 0, 0, 1, 23
"d:\weapp\waste_recycle_demo\src\wxcomponents\vant\uploader\utils.js", "JavaScript", 0, 0, 0, 0, 0, 84, 0, 0, 0, 1, 85
"d:\weapp\waste_recycle_demo\src\wxcomponents\vant\wxs\add-unit.wxs", "XML", 0, 0, 0, 0, 9, 0, 0, 0, 0, 4, 13
"d:\weapp\waste_recycle_demo\src\wxcomponents\vant\wxs\array.wxs", "XML", 0, 0, 0, 0, 4, 0, 0, 0, 0, 2, 6
"d:\weapp\waste_recycle_demo\src\wxcomponents\vant\wxs\bem.wxs", "XML", 0, 0, 0, 0, 34, 0, 0, 0, 0, 6, 40
"d:\weapp\waste_recycle_demo\src\wxcomponents\vant\wxs\memoize.wxs", "XML", 0, 0, 0, 0, 46, 0, 0, 0, 0, 10, 56
"d:\weapp\waste_recycle_demo\src\wxcomponents\vant\wxs\object.wxs", "XML", 0, 0, 0, 0, 11, 0, 0, 0, 0, 3, 14
"d:\weapp\waste_recycle_demo\src\wxcomponents\vant\wxs\style.wxs", "XML", 0, 0, 0, 0, 36, 0, 0, 0, 0, 7, 43
"d:\weapp\waste_recycle_demo\src\wxcomponents\vant\wxs\utils.wxs", "XML", 0, 0, 0, 0, 9, 0, 0, 0, 0, 2, 11
"Total", "-", 0, 596, 361, 37, 950, 7894, 4178, 671, 213, 1454, 16354